CITY,COUNTRY,STATE
Reims,France,Grand Est
Reims,France,Grand Est
Reims,France,Grand Est
Reims,France,Grand Est
Reims,France,Grand Est
Reims,France,Grand Est
Reims,France,Grand Est
Reims,France,Grand Est
Reims,France,Grand Est
Reims,France,Grand Est
Reims,France,Grand Est
Reims,France,Grand Est
Reims,France,Grand Est
Reims,France,Grand Est
Reims,France,Grand Est
Reims,France,Grand Est
Reims,France,Grand Est
Reims,France,Grand Est
Reims,France,Grand Est
Reims,France,Grand Est
Reims,France,Grand Est
Reims,France,Grand Est
Reims,France,Grand Est
Reims,France,Grand Est
Reims,France,Grand Est
Reims,France,Grand Est
Reims,France,Grand Est
Reims,France,Grand Est
Reims,France,Grand Est
Reims,France,Grand Est
Reims,France,Grand Est
Reims,France,Grand Est
Reims,France,Grand Est
Reims,France,Grand Est
Reims,France,Grand Est
Reims,France,Grand Est
Reims,France,Grand Est
Reims,France,Grand Est
Reims,France,Grand Est
Reims,France,Grand Est
Reims,France,Grand Est
Paris,France,Île-de-France
Paris,France,Île-de-France
Paris,France,Île-de-France
Paris,France,Île-de-France
Paris,France,Île-de-France
Paris,France,Île-de-France
Paris,France,Île-de-France
Paris,France,Île-de-France
Paris,France,Île-de-France
Paris,France,Île-de-France
Paris,France,Île-de-France
Paris,France,Île-de-France
Paris,France,Île-de-France
Paris,France,Île-de-France
Paris,France,Île-de-France
Paris,France,Île-de-France
Paris,France,Île-de-France
Paris,France,Île-de-France
Paris,France,Île-de-France
Paris,France,Île-de-France
Paris,France,Île-de-France
Paris,France,Île-de-France
Paris,France,Île-de-France
Paris,France,Île-de-France
Paris,France,Île-de-France
Paris,France,Île-de-France
Paris,France,Île-de-France
Paris,France,Île-de-France
Paris,France,Île-de-France
Paris,France,Île-de-France
Paris,France,Île-de-France
Paris,France,Île-de-France
Paris,France,Île-de-France
Paris,France,Île-de-France
Paris,France,Île-de-France
Paris,France,Île-de-France
Paris,France,Île-de-France
Paris,France,Île-de-France
Paris,France,Île-de-France
Paris,France,Île-de-France
Paris,France,Île-de-France
Paris,France,Île-de-France
Paris,France,Île-de-France
Paris,France,Île-de-France
Paris,France,Île-de-France
Paris,France,Île-de-France
Paris,France,Île-de-France
Paris,France,Île-de-France
Paris,France,Île-de-France
Paris,France,Île-de-France
Paris,France,Île-de-France
Paris,France,Île-de-France
Paris,France,Île-de-France
Paris,France,Île-de-France
Paris,France,Île-de-France
Paris,France,Île-de-France
Paris,France,Île-de-France
Paris,France,Île-de-France
Paris,France,Île-de-France
Paris,France,Île-de-France
Paris,France,Île-de-France
Paris,France,Île-de-France
Paris,France,Île-de-France
Paris,France,Île-de-France
Paris,France,Île-de-France
Paris,France,Île-de-France
Paris,France,Île-de-France
Paris,France,Île-de-France
Paris,France,Île-de-France
Paris,France,Île-de-France
Lille,France,Hauts-de-France
Lille,France,Hauts-de-France
Lille,France,Hauts-de-France
Lille,France,Hauts-de-France
Lille,France,Hauts-de-France
Lille,France,Hauts-de-France
Lille,France,Hauts-de-France
Lille,France,Hauts-de-France
Lille,France,Hauts-de-France
Lille,France,Hauts-de-France
Lille,France,Hauts-de-France
Lille,France,Hauts-de-France
Lille,France,Hauts-de-France
Lille,France,Hauts-de-France
Lille,France,Hauts-de-France
Lille,France,Hauts-de-France
Lille,France,Hauts-de-France
Lille,France,Hauts-de-France
Lille,France,Hauts-de-France
Lille,France,Hauts-de-France
Bergen,Norway,Vestland
Bergen,Norway,Vestland
Bergen,Norway,Vestland
Bergen,Norway,Vestland
Bergen,Norway,Vestland
Bergen,Norway,Vestland
Bergen,Norway,Vestland
Bergen,Norway,Vestland
Bergen,Norway,Vestland
Bergen,Norway,Vestland
Bergen,Norway,Vestland
Bergen,Norway,Vestland
Bergen,Norway,Vestland
Bergen,Norway,Vestland
Bergen,Norway,Vestland
Bergen,Norway,Vestland
Bergen,Norway,Vestland
Bergen,Norway,Vestland
Bergen,Norway,Vestland
Bergen,Norway,Vestland
Bergen,Norway,Vestland
Bergen,Norway,Vestland
Bergen,Norway,Vestland
Bergen,Norway,Vestland
Bergen,Norway,Vestland
Bergen,Norway,Vestland
Bergen,Norway,Vestland
Bergen,Norway,Vestland
Bergen,Norway,Vestland
Nantes,France,Pays de la Loire
Nantes,France,Pays de la Loire
Nantes,France,Pays de la Loire
Nantes,France,Pays de la Loire
Nantes,France,Pays de la Loire
Nantes,France,Pays de la Loire
Nantes,France,Pays de la Loire
Nantes,France,Pays de la Loire
Nantes,France,Pays de la Loire
Nantes,France,Pays de la Loire
Nantes,France,Pays de la Loire
Nantes,France,Pays de la Loire
Nantes,France,Pays de la Loire
Nantes,France,Pays de la Loire
Nantes,France,Pays de la Loire
Nantes,France,Pays de la Loire
Nantes,France,Pays de la Loire
Nantes,France,Pays de la Loire
Nantes,France,Pays de la Loire
Nantes,France,Pays de la Loire
Nantes,France,Pays de la Loire
Nantes,France,Pays de la Loire
Nantes,France,Pays de la Loire
Nantes,France,Pays de la Loire
Nantes,France,Pays de la Loire
Nantes,France,Pays de la Loire
Nantes,France,Pays de la Loire
Nantes,France,Pays de la Loire
Nantes,France,Pays de la Loire
Nantes,France,Pays de la Loire
Nantes,France,Pays de la Loire
Nantes,France,Pays de la Loire
Nantes,France,Pays de la Loire
Nantes,France,Pays de la Loire
Nantes,France,Pays de la Loire
Nantes,France,Pays de la Loire
Nantes,France,Pays de la Loire
Nantes,France,Pays de la Loire
Nantes,France,Pays de la Loire
Nantes,France,Pays de la Loire
Nantes,France,Pays de la Loire
Nantes,France,Pays de la Loire
Nantes,France,Pays de la Loire
Nantes,France,Pays de la Loire
Nantes,France,Pays de la Loire
Nantes,France,Pays de la Loire
Nantes,France,Pays de la Loire
Nantes,France,Pays de la Loire
Nantes,France,Pays de la Loire
Nantes,France,Pays de la Loire
Nantes,France,Pays de la Loire
Nantes,France,Pays de la Loire
Nantes,France,Pays de la Loire
Nantes,France,Pays de la Loire
Nantes,France,Pays de la Loire
Nantes,France,Pays de la Loire
Nantes,France,Pays de la Loire
Nantes,France,Pays de la Loire
Nantes,France,Pays de la Loire
Nantes,France,Pays de la Loire
Helsinki,Finland,Uusimaa
Helsinki,Finland,Uusimaa
Helsinki,Finland,Uusimaa
Helsinki,Finland,Uusimaa
Helsinki,Finland,Uusimaa
Helsinki,Finland,Uusimaa
Helsinki,Finland,Uusimaa
Helsinki,Finland,Uusimaa
Helsinki,Finland,Uusimaa
Helsinki,Finland,Uusimaa
Helsinki,Finland,Uusimaa
Helsinki,Finland,Uusimaa
Helsinki,Finland,Uusimaa
Helsinki,Finland,Uusimaa
Helsinki,Finland,Uusimaa
Helsinki,Finland,Uusimaa
Helsinki,Finland,Uusimaa
Helsinki,Finland,Uusimaa
Helsinki,Finland,Uusimaa
Helsinki,Finland,Uusimaa
Helsinki,Finland,Uusimaa
Helsinki,Finland,Uusimaa
Helsinki,Finland,Uusimaa
Helsinki,Finland,Uusimaa
Helsinki,Finland,Uusimaa
Helsinki,Finland,Uusimaa
Helsinki,Finland,Uusimaa
Helsinki,Finland,Uusimaa
Helsinki,Finland,Uusimaa
Helsinki,Finland,Uusimaa
Stavern,Norway,Vestfold og Telemark
Stavern,Norway,Vestfold og Telemark
Stavern,Norway,Vestfold og Telemark
Stavern,Norway,Vestfold og Telemark
Stavern,Norway,Vestfold og Telemark
Stavern,Norway,Vestfold og Telemark
Stavern,Norway,Vestfold og Telemark
Stavern,Norway,Vestfold og Telemark
Stavern,Norway,Vestfold og Telemark
Stavern,Norway,Vestfold og Telemark
Stavern,Norway,Vestfold og Telemark
Stavern,Norway,Vestfold og Telemark
Stavern,Norway,Vestfold og Telemark
Stavern,Norway,Vestfold og Telemark
Stavern,Norway,Vestfold og Telemark
Stavern,Norway,Vestfold og Telemark
Stavern,Norway,Vestfold og Telemark
Stavern,Norway,Vestfold og Telemark
Stavern,Norway,Vestfold og Telemark
Stavern,Norway,Vestfold og Telemark
Stavern,Norway,Vestfold og Telemark
Stavern,Norway,Vestfold og Telemark
Stavern,Norway,Vestfold og Telemark
Stavern,Norway,Vestfold og Telemark
Stavern,Norway,Vestfold og Telemark
Stavern,Norway,Vestfold og Telemark
Stavern,Norway,Vestfold og Telemark
Stavern,Norway,Vestfold og Telemark
Stavern,Norway,Vestfold og Telemark
Stavern,Norway,Vestfold og Telemark
Stavern,Norway,Vestfold og Telemark
Stavern,Norway,Vestfold og Telemark
Salzburg,Austria,Salzburg
Salzburg,Austria,Salzburg
Salzburg,Austria,Salzburg
Salzburg,Austria,Salzburg
Salzburg,Austria,Salzburg
Salzburg,Austria,Salzburg
Salzburg,Austria,Salzburg
Salzburg,Austria,Salzburg
Salzburg,Austria,Salzburg
Salzburg,Austria,Salzburg
Salzburg,Austria,Salzburg
Salzburg,Austria,Salzburg
Salzburg,Austria,Salzburg
Salzburg,Austria,Salzburg
Salzburg,Austria,Salzburg
Salzburg,Austria,Salzburg
Salzburg,Austria,Salzburg
Salzburg,Austria,Salzburg
Salzburg,Austria,Salzburg
Salzburg,Austria,Salzburg
Salzburg,Austria,Salzburg
Salzburg,Austria,Salzburg
Salzburg,Austria,Salzburg
Salzburg,Austria,Salzburg
Salzburg,Austria,Salzburg
Salzburg,Austria,Salzburg
Salzburg,Austria,Salzburg
Salzburg,Austria,Salzburg
Salzburg,Austria,Salzburg
Salzburg,Austria,Salzburg
Salzburg,Austria,Salzburg
Salzburg,Austria,Salzburg
Salzburg,Austria,Salzburg
Salzburg,Austria,Salzburg
Salzburg,Austria,Salzburg
Salzburg,Austria,Salzburg
Salzburg,Austria,Salzburg
Salzburg,Austria,Salzburg
Salzburg,Austria,Salzburg
Salzburg,Austria,Salzburg
Liverpool,UK,Merseyside
Liverpool,UK,Merseyside
Liverpool,UK,Merseyside
Liverpool,UK,Merseyside
Liverpool,UK,Merseyside
Liverpool,UK,Merseyside
Liverpool,UK,Merseyside
Liverpool,UK,Merseyside
Liverpool,UK,Merseyside
Liverpool,UK,Merseyside
Liverpool,UK,Merseyside
Liverpool,UK,Merseyside
Liverpool,UK,Merseyside
Liverpool,UK,Merseyside
Liverpool,UK,Merseyside
Liverpool,UK,Merseyside
Liverpool,UK,Merseyside
Liverpool,UK,Merseyside
Liverpool,UK,Merseyside
Liverpool,UK,Merseyside
Liverpool,UK,Merseyside
Liverpool,UK,Merseyside
Liverpool,UK,Merseyside
Liverpool,UK,Merseyside
Liverpool,UK,Merseyside
Liverpool,UK,Merseyside
Liverpool,UK,Merseyside
Liverpool,UK,Merseyside
Liverpool,UK,Merseyside
Madrid,Spain,Comunidad de Madrid
Madrid,Spain,Comunidad de Madrid
Madrid,Spain,Comunidad de Madrid
Madrid,Spain,Comunidad de Madrid
Madrid,Spain,Comunidad de Madrid
Madrid,Spain,Comunidad de Madrid
Madrid,Spain,Comunidad de Madrid
Madrid,Spain,Comunidad de Madrid
Madrid,Spain,Comunidad de Madrid
Madrid,Spain,Comunidad de Madrid
Madrid,Spain,Comunidad de Madrid
Madrid,Spain,Comunidad de Madrid
Madrid,Spain,Comunidad de Madrid
Madrid,Spain,Comunidad de Madrid
Madrid,Spain,Comunidad de Madrid
Madrid,Spain,Comunidad de Madrid
Madrid,Spain,Comunidad de Madrid
Madrid,Spain,Comunidad de Madrid
Madrid,Spain,Comunidad de Madrid
Madrid,Spain,Comunidad de Madrid
Madrid,Spain,Comunidad de Madrid
Madrid,Spain,Comunidad de Madrid
Madrid,Spain,Comunidad de Madrid
Madrid,Spain,Comunidad de Madrid
Madrid,Spain,Comunidad de Madrid
Madrid,Spain,Comunidad de Madrid
Madrid,Spain,Comunidad de Madrid
Madrid,Spain,Comunidad de Madrid
Madrid,Spain,Comunidad de Madrid
Madrid,Spain,Comunidad de Madrid
Madrid,Spain,Comunidad de Madrid
Madrid,Spain,Comunidad de Madrid
Madrid,Spain,Comunidad de Madrid
Madrid,Spain,Comunidad de Madrid
Madrid,Spain,Comunidad de Madrid
Madrid,Spain,Comunidad de Madrid
Madrid,Spain,Comunidad de Madrid
Madrid,Spain,Comunidad de Madrid
Madrid,Spain,Comunidad de Madrid
Madrid,Spain,Comunidad de Madrid
Madrid,Spain,Comunidad de Madrid
Madrid,Spain,Comunidad de Madrid
Madrid,Spain,Comunidad de Madrid
Madrid,Spain,Comunidad de Madrid
Madrid,Spain,Comunidad de Madrid
Madrid,Spain,Comunidad de Madrid
Madrid,Spain,Comunidad de Madrid
Madrid,Spain,Comunidad de Madrid
Madrid,Spain,Comunidad de Madrid
Madrid,Spain,Comunidad de Madrid
Madrid,Spain,Comunidad de Madrid
Madrid,Spain,Comunidad de Madrid
Madrid,Spain,Comunidad de Madrid
Madrid,Spain,Comunidad de Madrid
Madrid,Spain,Comunidad de Madrid
Madrid,Spain,Comunidad de Madrid
Madrid,Spain,Comunidad de Madrid
Madrid,Spain,Comunidad de Madrid
Madrid,Spain,Comunidad de Madrid
Madrid,Spain,Comunidad de Madrid
Madrid,Spain,Comunidad de Madrid
Madrid,Spain,Comunidad de Madrid
Madrid,Spain,Comunidad de Madrid
Madrid,Spain,Comunidad de Madrid
Madrid,Spain,Comunidad de Madrid
Madrid,Spain,Comunidad de Madrid
Madrid,Spain,Comunidad de Madrid
Madrid,Spain,Comunidad de Madrid
Madrid,Spain,Comunidad de Madrid
Madrid,Spain,Comunidad de Madrid
Madrid,Spain,Comunidad de Madrid
Madrid,Spain,Comunidad de Madrid
Madrid,Spain,Comunidad de Madrid
Madrid,Spain,Comunidad de Madrid
Madrid,Spain,Comunidad de Madrid
Madrid,Spain,Comunidad de Madrid
Madrid,Spain,Comunidad de Madrid
Madrid,Spain,Comunidad de Madrid
Madrid,Spain,Comunidad de Madrid
Madrid,Spain,Comunidad de Madrid
Madrid,Spain,Comunidad de Madrid
Madrid,Spain,Comunidad de Madrid
Madrid,Spain,Comunidad de Madrid
Madrid,Spain,Comunidad de Madrid
Madrid,Spain,Comunidad de Madrid
Madrid,Spain,Comunidad de Madrid
Madrid,Spain,Comunidad de Madrid
Madrid,Spain,Comunidad de Madrid
Madrid,Spain,Comunidad de Madrid
Madrid,Spain,Comunidad de Madrid
Madrid,Spain,Comunidad de Madrid
Madrid,Spain,Comunidad de Madrid
Madrid,Spain,Comunidad de Madrid
Madrid,Spain,Comunidad de Madrid
Madrid,Spain,Comunidad de Madrid
Madrid,Spain,Comunidad de Madrid
Madrid,Spain,Comunidad de Madrid
Madrid,Spain,Comunidad de Madrid
Madrid,Spain,Comunidad de Madrid
Madrid,Spain,Comunidad de Madrid
Madrid,Spain,Comunidad de Madrid
Madrid,Spain,Comunidad de Madrid
Madrid,Spain,Comunidad de Madrid
Madrid,Spain,Comunidad de Madrid
Madrid,Spain,Comunidad de Madrid
Madrid,Spain,Comunidad de Madrid
Madrid,Spain,Comunidad de Madrid
Madrid,Spain,Comunidad de Madrid
Madrid,Spain,Comunidad de Madrid
Madrid,Spain,Comunidad de Madrid
Madrid,Spain,Comunidad de Madrid
Madrid,Spain,Comunidad de Madrid
Madrid,Spain,Comunidad de Madrid
Madrid,Spain,Comunidad de Madrid
Madrid,Spain,Comunidad de Madrid
Madrid,Spain,Comunidad de Madrid
Madrid,Spain,Comunidad de Madrid
Madrid,Spain,Comunidad de Madrid
Madrid,Spain,Comunidad de Madrid
Madrid,Spain,Comunidad de Madrid
Madrid,Spain,Comunidad de Madrid
Madrid,Spain,Comunidad de Madrid
Madrid,Spain,Comunidad de Madrid
Madrid,Spain,Comunidad de Madrid
Madrid,Spain,Comunidad de Madrid
Madrid,Spain,Comunidad de Madrid
Madrid,Spain,Comunidad de Madrid
Madrid,Spain,Comunidad de Madrid
Madrid,Spain,Comunidad de Madrid
Madrid,Spain,Comunidad de Madrid
Madrid,Spain,Comunidad de Madrid
Madrid,Spain,Comunidad de Madrid
Madrid,Spain,Comunidad de Madrid
Madrid,Spain,Comunidad de Madrid
Madrid,Spain,Comunidad de Madrid
Madrid,Spain,Comunidad de Madrid
Madrid,Spain,Comunidad de Madrid
Madrid,Spain,Comunidad de Madrid
Madrid,Spain,Comunidad de Madrid
Madrid,Spain,Comunidad de Madrid
Madrid,Spain,Comunidad de Madrid
Madrid,Spain,Comunidad de Madrid
Madrid,Spain,Comunidad de Madrid
Madrid,Spain,Comunidad de Madrid
Madrid,Spain,Comunidad de Madrid
Madrid,Spain,Comunidad de Madrid
Madrid,Spain,Comunidad de Madrid
Madrid,Spain,Comunidad de Madrid
Madrid,Spain,Comunidad de Madrid
Madrid,Spain,Comunidad de Madrid
Madrid,Spain,Comunidad de Madrid
Madrid,Spain,Comunidad de Madrid
Madrid,Spain,Comunidad de Madrid
Madrid,Spain,Comunidad de Madrid
Madrid,Spain,Comunidad de Madrid
Madrid,Spain,Comunidad de Madrid
Madrid,Spain,Comunidad de Madrid
Madrid,Spain,Comunidad de Madrid
Madrid,Spain,Comunidad de Madrid
Madrid,Spain,Comunidad de Madrid
Madrid,Spain,Comunidad de Madrid
Madrid,Spain,Comunidad de Madrid
Madrid,Spain,Comunidad de Madrid
Madrid,Spain,Comunidad de Madrid
Madrid,Spain,Comunidad de Madrid
Madrid,Spain,Comunidad de Madrid
Madrid,Spain,Comunidad de Madrid
Madrid,Spain,Comunidad de Madrid
Madrid,Spain,Comunidad de Madrid
Madrid,Spain,Comunidad de Madrid
Madrid,Spain,Comunidad de Madrid
Madrid,Spain,Comunidad de Madrid
Madrid,Spain,Comunidad de Madrid
Madrid,Spain,Comunidad de Madrid
Madrid,Spain,Comunidad de Madrid
Madrid,Spain,Comunidad de Madrid
Madrid,Spain,Comunidad de Madrid
Madrid,Spain,Comunidad de Madrid
Madrid,Spain,Comunidad de Madrid
Madrid,Spain,Comunidad de Madrid
Madrid,Spain,Comunidad de Madrid
Madrid,Spain,Comunidad de Madrid
Madrid,Spain,Comunidad de Madrid
Madrid,Spain,Comunidad de Madrid
Madrid,Spain,Comunidad de Madrid
Madrid,Spain,Comunidad de Madrid
Madrid,Spain,Comunidad de Madrid
Madrid,Spain,Comunidad de Madrid
Madrid,Spain,Comunidad de Madrid
Madrid,Spain,Comunidad de Madrid
Madrid,Spain,Comunidad de Madrid
Madrid,Spain,Comunidad de Madrid
Madrid,Spain,Comunidad de Madrid
Madrid,Spain,Comunidad de Madrid
Madrid,Spain,Comunidad de Madrid
Madrid,Spain,Comunidad de Madrid
Madrid,Spain,Comunidad de Madrid
Madrid,Spain,Comunidad de Madrid
Madrid,Spain,Comunidad de Madrid
Madrid,Spain,Comunidad de Madrid
Madrid,Spain,Comunidad de Madrid
Madrid,Spain,Comunidad de Madrid
Madrid,Spain,Comunidad de Madrid
Madrid,Spain,Comunidad de Madrid
Madrid,Spain,Comunidad de Madrid
Madrid,Spain,Comunidad de Madrid
Madrid,Spain,Comunidad de Madrid
Madrid,Spain,Comunidad de Madrid
Madrid,Spain,Comunidad de Madrid
Madrid,Spain,Comunidad de Madrid
Madrid,Spain,Comunidad de Madrid
Madrid,Spain,Comunidad de Madrid
Madrid,Spain,Comunidad de Madrid
Madrid,Spain,Comunidad de Madrid
Madrid,Spain,Comunidad de Madrid
Madrid,Spain,Comunidad de Madrid
Madrid,Spain,Comunidad de Madrid
Madrid,Spain,Comunidad de Madrid
Madrid,Spain,Comunidad de Madrid
Madrid,Spain,Comunidad de Madrid
Madrid,Spain,Comunidad de Madrid
Madrid,Spain,Comunidad de Madrid
Madrid,Spain,Comunidad de Madrid
Madrid,Spain,Comunidad de Madrid
Madrid,Spain,Comunidad de Madrid
Madrid,Spain,Comunidad de Madrid
Madrid,Spain,Comunidad de Madrid
Madrid,Spain,Comunidad de Madrid
Madrid,Spain,Comunidad de Madrid
Madrid,Spain,Comunidad de Madrid
Madrid,Spain,Comunidad de Madrid
Madrid,Spain,Comunidad de Madrid
Madrid,Spain,Comunidad de Madrid
Madrid,Spain,Comunidad de Madrid
Madrid,Spain,Comunidad de Madrid
Madrid,Spain,Comunidad de Madrid
Madrid,Spain,Comunidad de Madrid
Madrid,Spain,Comunidad de Madrid
Madrid,Spain,Comunidad de Madrid
Madrid,Spain,Comunidad de Madrid
Madrid,Spain,Comunidad de Madrid
Madrid,Spain,Comunidad de Madrid
Madrid,Spain,Comunidad de Madrid
Madrid,Spain,Comunidad de Madrid
Madrid,Spain,Comunidad de Madrid
Madrid,Spain,Comunidad de Madrid
Madrid,Spain,Comunidad de Madrid
Madrid,Spain,Comunidad de Madrid
Madrid,Spain,Comunidad de Madrid
Madrid,Spain,Comunidad de Madrid
Madrid,Spain,Comunidad de Madrid
Madrid,Spain,Comunidad de Madrid
Madrid,Spain,Comunidad de Madrid
Madrid,Spain,Comunidad de Madrid
Madrid,Spain,Comunidad de Madrid
Madrid,Spain,Comunidad de Madrid
Madrid,Spain,Comunidad de Madrid
Madrid,Spain,Comunidad de Madrid
Madrid,Spain,Comunidad de Madrid
Madrid,Spain,Comunidad de Madrid
Madrid,Spain,Comunidad de Madrid
Madrid,Spain,Comunidad de Madrid
Madrid,Spain,Comunidad de Madrid
Madrid,Spain,Comunidad de Madrid
Madrid,Spain,Comunidad de Madrid
Madrid,Spain,Comunidad de Madrid
Madrid,Spain,Comunidad de Madrid
Madrid,Spain,Comunidad de Madrid
Madrid,Spain,Comunidad de Madrid
Madrid,Spain,Comunidad de Madrid
Madrid,Spain,Comunidad de Madrid
Madrid,Spain,Comunidad de Madrid
Madrid,Spain,Comunidad de Madrid
Madrid,Spain,Comunidad de Madrid
Madrid,Spain,Comunidad de Madrid
Madrid,Spain,Comunidad de Madrid
Madrid,Spain,Comunidad de Madrid
Madrid,Spain,Comunidad de Madrid
Madrid,Spain,Comunidad de Madrid
Madrid,Spain,Comunidad de Madrid
Madrid,Spain,Comunidad de Madrid
Madrid,Spain,Comunidad de Madrid
Madrid,Spain,Comunidad de Madrid
Madrid,Spain,Comunidad de Madrid
Madrid,Spain,Comunidad de Madrid
Madrid,Spain,Comunidad de Madrid
Madrid,Spain,Comunidad de Madrid
Madrid,Spain,Comunidad de Madrid
Madrid,Spain,Comunidad de Madrid
Madrid,Spain,Comunidad de Madrid
Madrid,Spain,Comunidad de Madrid
Madrid,Spain,Comunidad de Madrid
Madrid,Spain,Comunidad de Madrid
Madrid,Spain,Comunidad de Madrid
Madrid,Spain,Comunidad de Madrid
Madrid,Spain,Comunidad de Madrid
Madrid,Spain,Comunidad de Madrid
Madrid,Spain,Comunidad de Madrid
Madrid,Spain,Comunidad de Madrid
Madrid,Spain,Comunidad de Madrid
Madrid,Spain,Comunidad de Madrid
Madrid,Spain,Comunidad de Madrid
Madrid,Spain,Comunidad de Madrid
Madrid,Spain,Comunidad de Madrid
Lule,Sweden,Norrbotten
Lule,Sweden,Norrbotten
Lule,Sweden,Norrbotten
Lule,Sweden,Norrbotten
Lule,Sweden,Norrbotten
Lule,Sweden,Norrbotten
Lule,Sweden,Norrbotten
Lule,Sweden,Norrbotten
Lule,Sweden,Norrbotten
Lule,Sweden,Norrbotten
Lule,Sweden,Norrbotten
Lule,Sweden,Norrbotten
Lule,Sweden,Norrbotten
Lule,Sweden,Norrbotten
Lule,Sweden,Norrbotten
Lule,Sweden,Norrbotten
Lule,Sweden,Norrbotten
Lule,Sweden,Norrbotten
Lule,Sweden,Norrbotten
Singapore,Singapore,Singapore
Singapore,Singapore,Singapore
Singapore,Singapore,Singapore
Singapore,Singapore,Singapore
Singapore,Singapore,Singapore
Singapore,Singapore,Singapore
Singapore,Singapore,Singapore
Singapore,Singapore,Singapore
Singapore,Singapore,Singapore
Singapore,Singapore,Singapore
Singapore,Singapore,Singapore
Singapore,Singapore,Singapore
Singapore,Singapore,Singapore
Singapore,Singapore,Singapore
Singapore,Singapore,Singapore
Singapore,Singapore,Singapore
Singapore,Singapore,Singapore
Singapore,Singapore,Singapore
Singapore,Singapore,Singapore
Singapore,Singapore,Singapore
Singapore,Singapore,Singapore
Singapore,Singapore,Singapore
Singapore,Singapore,Singapore
Singapore,Singapore,Singapore
Singapore,Singapore,Singapore
Singapore,Singapore,Singapore
Singapore,Singapore,Singapore
Singapore,Singapore,Singapore
Singapore,Singapore,Singapore
Singapore,Singapore,Singapore
Singapore,Singapore,Singapore
Singapore,Singapore,Singapore
Singapore,Singapore,Singapore
Singapore,Singapore,Singapore
Singapore,Singapore,Singapore
Singapore,Singapore,Singapore
Singapore,Singapore,Singapore
Singapore,Singapore,Singapore
Singapore,Singapore,Singapore
Singapore,Singapore,Singapore
Singapore,Singapore,Singapore
Singapore,Singapore,Singapore
Singapore,Singapore,Singapore
Singapore,Singapore,Singapore
Singapore,Singapore,Singapore
Singapore,Singapore,Singapore
Singapore,Singapore,Singapore
Singapore,Singapore,Singapore
Singapore,Singapore,Singapore
Singapore,Singapore,Singapore
Singapore,Singapore,Singapore
Singapore,Singapore,Singapore
Singapore,Singapore,Singapore
Singapore,Singapore,Singapore
Singapore,Singapore,Singapore
Singapore,Singapore,Singapore
Singapore,Singapore,Singapore
Singapore,Singapore,Singapore
Singapore,Singapore,Singapore
Singapore,Singapore,Singapore
Singapore,Singapore,Singapore
Singapore,Singapore,Singapore
Singapore,Singapore,Singapore
Singapore,Singapore,Singapore
Singapore,Singapore,Singapore
Singapore,Singapore,Singapore
Singapore,Singapore,Singapore
Singapore,Singapore,Singapore
Singapore,Singapore,Singapore
Singapore,Singapore,Singapore
Singapore,Singapore,Singapore
Singapore,Singapore,Singapore
Singapore,Singapore,Singapore
Singapore,Singapore,Singapore
Singapore,Singapore,Singapore
Singapore,Singapore,Singapore
Singapore,Singapore,Singapore
Singapore,Singapore,Singapore
Singapore,Singapore,Singapore
Lyon,France,Auvergne-Rhône-Alpes
Lyon,France,Auvergne-Rhône-Alpes
Lyon,France,Auvergne-Rhône-Alpes
Lyon,France,Auvergne-Rhône-Alpes
Lyon,France,Auvergne-Rhône-Alpes
Lyon,France,Auvergne-Rhône-Alpes
Lyon,France,Auvergne-Rhône-Alpes
Lyon,France,Auvergne-Rhône-Alpes
Lyon,France,Auvergne-Rhône-Alpes
Lyon,France,Auvergne-Rhône-Alpes
Lyon,France,Auvergne-Rhône-Alpes
Lyon,France,Auvergne-Rhône-Alpes
Lyon,France,Auvergne-Rhône-Alpes
Lyon,France,Auvergne-Rhône-Alpes
Lyon,France,Auvergne-Rhône-Alpes
Lyon,France,Auvergne-Rhône-Alpes
Lyon,France,Auvergne-Rhône-Alpes
Lyon,France,Auvergne-Rhône-Alpes
Lyon,France,Auvergne-Rhône-Alpes
Lyon,France,Auvergne-Rhône-Alpes
Lyon,France,Auvergne-Rhône-Alpes
Lyon,France,Auvergne-Rhône-Alpes
Lyon,France,Auvergne-Rhône-Alpes
Lyon,France,Auvergne-Rhône-Alpes
Lyon,France,Auvergne-Rhône-Alpes
Lyon,France,Auvergne-Rhône-Alpes
Lyon,France,Auvergne-Rhône-Alpes
Lyon,France,Auvergne-Rhône-Alpes
Lyon,France,Auvergne-Rhône-Alpes
Lyon,France,Auvergne-Rhône-Alpes
Lyon,France,Auvergne-Rhône-Alpes
Lyon,France,Auvergne-Rhône-Alpes
Lyon,France,Auvergne-Rhône-Alpes
Lyon,France,Auvergne-Rhône-Alpes
Lyon,France,Auvergne-Rhône-Alpes
Lyon,France,Auvergne-Rhône-Alpes
Lyon,France,Auvergne-Rhône-Alpes
Lyon,France,Auvergne-Rhône-Alpes
Lyon,France,Auvergne-Rhône-Alpes
Lyon,France,Auvergne-Rhône-Alpes
Lyon,France,Auvergne-Rhône-Alpes
Torino,Italy,Piemonte
Torino,Italy,Piemonte
Torino,Italy,Piemonte
Torino,Italy,Piemonte
Torino,Italy,Piemonte
Torino,Italy,Piemonte
Torino,Italy,Piemonte
Torino,Italy,Piemonte
Torino,Italy,Piemonte
Torino,Italy,Piemonte
Torino,Italy,Piemonte
Torino,Italy,Piemonte
Torino,Italy,Piemonte
Torino,Italy,Piemonte
Torino,Italy,Piemonte
Torino,Italy,Piemonte
Torino,Italy,Piemonte
Torino,Italy,Piemonte
Torino,Italy,Piemonte
Torino,Italy,Piemonte
Torino,Italy,Piemonte
Torino,Italy,Piemonte
Torino,Italy,Piemonte
Torino,Italy,Piemonte
Torino,Italy,Piemonte
Torino,Italy,Piemonte
Boras,Sweden,Västra Götaland
Boras,Sweden,Västra Götaland
Boras,Sweden,Västra Götaland
Boras,Sweden,Västra Götaland
Boras,Sweden,Västra Götaland
Boras,Sweden,Västra Götaland
Boras,Sweden,Västra Götaland
Boras,Sweden,Västra Götaland
Boras,Sweden,Västra Götaland
Boras,Sweden,Västra Götaland
Boras,Sweden,Västra Götaland
Boras,Sweden,Västra Götaland
Boras,Sweden,Västra Götaland
Boras,Sweden,Västra Götaland
Boras,Sweden,Västra Götaland
Boras,Sweden,Västra Götaland
Boras,Sweden,Västra Götaland
Boras,Sweden,Västra Götaland
Boras,Sweden,Västra Götaland
Boras,Sweden,Västra Götaland
Boras,Sweden,Västra Götaland
Boras,Sweden,Västra Götaland
Boras,Sweden,Västra Götaland
Boras,Sweden,Västra Götaland
Boras,Sweden,Västra Götaland
Boras,Sweden,Västra Götaland
Boras,Sweden,Västra Götaland
Boras,Sweden,Västra Götaland
Boras,Sweden,Västra Götaland
Boras,Sweden,Västra Götaland
Boras,Sweden,Västra Götaland
Boras,Sweden,Västra Götaland
Boras,Sweden,Västra Götaland
Boras,Sweden,Västra Götaland
Boras,Sweden,Västra Götaland
Boras,Sweden,Västra Götaland
Boras,Sweden,Västra Götaland
Boras,Sweden,Västra Götaland
Versailles,France,Île-de-France
Versailles,France,Île-de-France
Versailles,France,Île-de-France
Versailles,France,Île-de-France
Versailles,France,Île-de-France
Versailles,France,Île-de-France
Versailles,France,Île-de-France
Versailles,France,Île-de-France
Versailles,France,Île-de-France
Versailles,France,Île-de-France
Versailles,France,Île-de-France
Versailles,France,Île-de-France
Versailles,France,Île-de-France
Versailles,France,Île-de-France
Versailles,France,Île-de-France
Versailles,France,Île-de-France
Versailles,France,Île-de-France
Versailles,France,Île-de-France
Kobenhavn,Denmark,Hovedstaden
Kobenhavn,Denmark,Hovedstaden
Kobenhavn,Denmark,Hovedstaden
Kobenhavn,Denmark,Hovedstaden
Kobenhavn,Denmark,Hovedstaden
Kobenhavn,Denmark,Hovedstaden
Kobenhavn,Denmark,Hovedstaden
Kobenhavn,Denmark,Hovedstaden
Kobenhavn,Denmark,Hovedstaden
Kobenhavn,Denmark,Hovedstaden
Kobenhavn,Denmark,Hovedstaden
Kobenhavn,Denmark,Hovedstaden
Kobenhavn,Denmark,Hovedstaden
Kobenhavn,Denmark,Hovedstaden
Kobenhavn,Denmark,Hovedstaden
Kobenhavn,Denmark,Hovedstaden
Kobenhavn,Denmark,Hovedstaden
Kobenhavn,Denmark,Hovedstaden
Kobenhavn,Denmark,Hovedstaden
Kobenhavn,Denmark,Hovedstaden
Kobenhavn,Denmark,Hovedstaden
Kobenhavn,Denmark,Hovedstaden
Kobenhavn,Denmark,Hovedstaden
Kobenhavn,Denmark,Hovedstaden
Kobenhavn,Denmark,Hovedstaden
Kobenhavn,Denmark,Hovedstaden
Kobenhavn,Denmark,Hovedstaden
Kobenhavn,Denmark,Hovedstaden
Kobenhavn,Denmark,Hovedstaden
Kobenhavn,Denmark,Hovedstaden
Kobenhavn,Denmark,Hovedstaden
Kobenhavn,Denmark,Hovedstaden
Kobenhavn,Denmark,Hovedstaden
Kobenhavn,Denmark,Hovedstaden
Kobenhavn,Denmark,Hovedstaden
Kobenhavn,Denmark,Hovedstaden
London,UK,England
London,UK,England
London,UK,England
London,UK,England
London,UK,England
London,UK,England
London,UK,England
London,UK,England
London,UK,England
London,UK,England
London,UK,England
London,UK,England
London,UK,England
London,UK,England
London,UK,England
London,UK,England
London,UK,England
London,UK,England
London,UK,England
London,UK,England
London,UK,England
London,UK,England
London,UK,England
London,UK,England
London,UK,England
London,UK,England
London,UK,England
London,UK,England
London,UK,England
London,UK,England
London,UK,England
London,UK,England
London,UK,England
London,UK,England
London,UK,England
London,UK,England
London,UK,England
London,UK,England
Toulouse,France,Occitanie
Toulouse,France,Occitanie
Toulouse,France,Occitanie
Toulouse,France,Occitanie
Toulouse,France,Occitanie
Toulouse,France,Occitanie
Toulouse,France,Occitanie
Toulouse,France,Occitanie
Toulouse,France,Occitanie
Toulouse,France,Occitanie
Toulouse,France,Occitanie
Toulouse,France,Occitanie
Toulouse,France,Occitanie
Toulouse,France,Occitanie
Toulouse,France,Occitanie
Toulouse,France,Occitanie
Toulouse,France,Occitanie
Toulouse,France,Occitanie
Toulouse,France,Occitanie
Toulouse,France,Occitanie
Barcelona,Spain,Catalonia
Barcelona,Spain,Catalonia
Barcelona,Spain,Catalonia
Barcelona,Spain,Catalonia
Barcelona,Spain,Catalonia
Barcelona,Spain,Catalonia
Barcelona,Spain,Catalonia
Barcelona,Spain,Catalonia
Barcelona,Spain,Catalonia
Barcelona,Spain,Catalonia
Barcelona,Spain,Catalonia
Barcelona,Spain,Catalonia
Barcelona,Spain,Catalonia
Barcelona,Spain,Catalonia
Barcelona,Spain,Catalonia
Barcelona,Spain,Catalonia
Barcelona,Spain,Catalonia
Barcelona,Spain,Catalonia
Barcelona,Spain,Catalonia
Barcelona,Spain,Catalonia
Barcelona,Spain,Catalonia
Barcelona,Spain,Catalonia
Barcelona,Spain,Catalonia
Bruxelles,Belgium,Brussels
Bruxelles,Belgium,Brussels
Bruxelles,Belgium,Brussels
Bruxelles,Belgium,Brussels
Bruxelles,Belgium,Brussels
Bruxelles,Belgium,Brussels
Bruxelles,Belgium,Brussels
Bruxelles,Belgium,Brussels
Bruxelles,Belgium,Brussels
Bruxelles,Belgium,Brussels
Bruxelles,Belgium,Brussels
Bruxelles,Belgium,Brussels
Bruxelles,Belgium,Brussels
Bruxelles,Belgium,Brussels
Bruxelles,Belgium,Brussels
Bruxelles,Belgium,Brussels
Bruxelles,Belgium,Brussels
Bruxelles,Belgium,Brussels
Bruxelles,Belgium,Brussels
Bruxelles,Belgium,Brussels
Bruxelles,Belgium,Brussels
Bruxelles,Belgium,Brussels
Bruxelles,Belgium,Brussels
Bruxelles,Belgium,Brussels
Bruxelles,Belgium,Brussels
Oulu,Finland,Pohjois-Pohjanmaa
Oulu,Finland,Pohjois-Pohjanmaa
Oulu,Finland,Pohjois-Pohjanmaa
Oulu,Finland,Pohjois-Pohjanmaa
Oulu,Finland,Pohjois-Pohjanmaa
Oulu,Finland,Pohjois-Pohjanmaa
Oulu,Finland,Pohjois-Pohjanmaa
Oulu,Finland,Pohjois-Pohjanmaa
Oulu,Finland,Pohjois-Pohjanmaa
Oulu,Finland,Pohjois-Pohjanmaa
Oulu,Finland,Pohjois-Pohjanmaa
Oulu,Finland,Pohjois-Pohjanmaa
Oulu,Finland,Pohjois-Pohjanmaa
Oulu,Finland,Pohjois-Pohjanmaa
Oulu,Finland,Pohjois-Pohjanmaa
Oulu,Finland,Pohjois-Pohjanmaa
Oulu,Finland,Pohjois-Pohjanmaa
Oulu,Finland,Pohjois-Pohjanmaa
Oulu,Finland,Pohjois-Pohjanmaa
Oulu,Finland,Pohjois-Pohjanmaa
Oulu,Finland,Pohjois-Pohjanmaa
Oulu,Finland,Pohjois-Pohjanmaa
Oulu,Finland,Pohjois-Pohjanmaa
Oulu,Finland,Pohjois-Pohjanmaa
Oulu,Finland,Pohjois-Pohjanmaa
Oulu,Finland,Pohjois-Pohjanmaa
Oulu,Finland,Pohjois-Pohjanmaa
Oulu,Finland,Pohjois-Pohjanmaa
Oulu,Finland,Pohjois-Pohjanmaa
Oulu,Finland,Pohjois-Pohjanmaa
Oulu,Finland,Pohjois-Pohjanmaa
Oulu,Finland,Pohjois-Pohjanmaa
Graz,Austria,Styria
Graz,Austria,Styria
Graz,Austria,Styria
Graz,Austria,Styria
Graz,Austria,Styria
Graz,Austria,Styria
Graz,Austria,Styria
Graz,Austria,Styria
Graz,Austria,Styria
Graz,Austria,Styria
Graz,Austria,Styria
Graz,Austria,Styria
Graz,Austria,Styria
Graz,Austria,Styria
Graz,Austria,Styria
Makati City,Philippines,Metro Manila
Makati City,Philippines,Metro Manila
Makati City,Philippines,Metro Manila
Makati City,Philippines,Metro Manila
Makati City,Philippines,Metro Manila
Makati City,Philippines,Metro Manila
Makati City,Philippines,Metro Manila
Makati City,Philippines,Metro Manila
Makati City,Philippines,Metro Manila
Makati City,Philippines,Metro Manila
Makati City,Philippines,Metro Manila
Makati City,Philippines,Metro Manila
Makati City,Philippines,Metro Manila
Makati City,Philippines,Metro Manila
Makati City,Philippines,Metro Manila
Makati City,Philippines,Metro Manila
Makati City,Philippines,Metro Manila
Makati City,Philippines,Metro Manila
Makati City,Philippines,Metro Manila
Makati City,Philippines,Metro Manila
Makati City,Philippines,Metro Manila
Makati City,Philippines,Metro Manila
Makati City,Philippines,Metro Manila
Makati City,Philippines,Metro Manila
Makati City,Philippines,Metro Manila
Makati City,Philippines,Metro Manila
Marseille,France,Provence-Alpes-Côte d'Azur
Marseille,France,Provence-Alpes-Côte d'Azur
Marseille,France,Provence-Alpes-Côte d'Azur
Marseille,France,Provence-Alpes-Côte d'Azur
Marseille,France,Provence-Alpes-Côte d'Azur
Marseille,France,Provence-Alpes-Côte d'Azur
Marseille,France,Provence-Alpes-Côte d'Azur
Marseille,France,Provence-Alpes-Côte d'Azur
Marseille,France,Provence-Alpes-Côte d'Azur
Marseille,France,Provence-Alpes-Côte d'Azur
Marseille,France,Provence-Alpes-Côte d'Azur
Marseille,France,Provence-Alpes-Côte d'Azur
Marseille,France,Provence-Alpes-Côte d'Azur
Marseille,France,Provence-Alpes-Côte d'Azur
Marseille,France,Provence-Alpes-Côte d'Azur
Marseille,France,Provence-Alpes-Côte d'Azur
Marseille,France,Provence-Alpes-Côte d'Azur
Marseille,France,Provence-Alpes-Côte d'Azur
Marseille,France,Provence-Alpes-Côte d'Azur
Marseille,France,Provence-Alpes-Côte d'Azur
Marseille,France,Provence-Alpes-Côte d'Azur
Marseille,France,Provence-Alpes-Côte d'Azur
Marseille,France,Provence-Alpes-Côte d'Azur
Marseille,France,Provence-Alpes-Côte d'Azur
Marseille,France,Provence-Alpes-Côte d'Azur
Koln,Germany,Nordrhein-Westfalen
Koln,Germany,Nordrhein-Westfalen
Koln,Germany,Nordrhein-Westfalen
Koln,Germany,Nordrhein-Westfalen
Koln,Germany,Nordrhein-Westfalen
Koln,Germany,Nordrhein-Westfalen
Koln,Germany,Nordrhein-Westfalen
Koln,Germany,Nordrhein-Westfalen
Koln,Germany,Nordrhein-Westfalen
Koln,Germany,Nordrhein-Westfalen
Koln,Germany,Nordrhein-Westfalen
Koln,Germany,Nordrhein-Westfalen
Koln,Germany,Nordrhein-Westfalen
Koln,Germany,Nordrhein-Westfalen
Koln,Germany,Nordrhein-Westfalen
Koln,Germany,Nordrhein-Westfalen
Koln,Germany,Nordrhein-Westfalen
Koln,Germany,Nordrhein-Westfalen
Koln,Germany,Nordrhein-Westfalen
Koln,Germany,Nordrhein-Westfalen
Koln,Germany,Nordrhein-Westfalen
Koln,Germany,Nordrhein-Westfalen
Koln,Germany,Nordrhein-Westfalen
Koln,Germany,Nordrhein-Westfalen
Koln,Germany,Nordrhein-Westfalen
Koln,Germany,Nordrhein-Westfalen
Gensve,Switzerland,Genève
Gensve,Switzerland,Genève
Gensve,Switzerland,Genève
Gensve,Switzerland,Genève
Gensve,Switzerland,Genève
Gensve,Switzerland,Genève
Gensve,Switzerland,Genève
Gensve,Switzerland,Genève
Gensve,Switzerland,Genève
Gensve,Switzerland,Genève
Gensve,Switzerland,Genève
Gensve,Switzerland,Genève
Gensve,Switzerland,Genève
Gensve,Switzerland,Genève
Gensve,Switzerland,Genève
Gensve,Switzerland,Genève
Gensve,Switzerland,Genève
Gensve,Switzerland,Genève
Gensve,Switzerland,Genève
Gensve,Switzerland,Genève
Gensve,Switzerland,Genève
Gensve,Switzerland,Genève
Gensve,Switzerland,Genève
Gensve,Switzerland,Genève
Gensve,Switzerland,Genève
Gensve,Switzerland,Genève
Gensve,Switzerland,Genève
Gensve,Switzerland,Genève
Gensve,Switzerland,Genève
Gensve,Switzerland,Genève
Gensve,Switzerland,Genève
Reggio Emilia,Italy,Emilia-Romagna
Reggio Emilia,Italy,Emilia-Romagna
Reggio Emilia,Italy,Emilia-Romagna
Reggio Emilia,Italy,Emilia-Romagna
Reggio Emilia,Italy,Emilia-Romagna
Reggio Emilia,Italy,Emilia-Romagna
Reggio Emilia,Italy,Emilia-Romagna
Reggio Emilia,Italy,Emilia-Romagna
Reggio Emilia,Italy,Emilia-Romagna
Reggio Emilia,Italy,Emilia-Romagna
Reggio Emilia,Italy,Emilia-Romagna
Reggio Emilia,Italy,Emilia-Romagna
Reggio Emilia,Italy,Emilia-Romagna
Reggio Emilia,Italy,Emilia-Romagna
Reggio Emilia,Italy,Emilia-Romagna
Reggio Emilia,Italy,Emilia-Romagna
Reggio Emilia,Italy,Emilia-Romagna
Reggio Emilia,Italy,Emilia-Romagna
Reggio Emilia,Italy,Emilia-Romagna
Reggio Emilia,Italy,Emilia-Romagna
Reggio Emilia,Italy,Emilia-Romagna
Reggio Emilia,Italy,Emilia-Romagna
Reggio Emilia,Italy,Emilia-Romagna
Reggio Emilia,Italy,Emilia-Romagna
Reggio Emilia,Italy,Emilia-Romagna
Reggio Emilia,Italy,Emilia-Romagna
Reggio Emilia,Italy,Emilia-Romagna
Reggio Emilia,Italy,Emilia-Romagna
Reggio Emilia,Italy,Emilia-Romagna
Reggio Emilia,Italy,Emilia-Romagna
Reggio Emilia,Italy,Emilia-Romagna
Reggio Emilia,Italy,Emilia-Romagna
Reggio Emilia,Italy,Emilia-Romagna
Reggio Emilia,Italy,Emilia-Romagna
Reggio Emilia,Italy,Emilia-Romagna
Reggio Emilia,Italy,Emilia-Romagna
Reggio Emilia,Italy,Emilia-Romagna
Reggio Emilia,Italy,Emilia-Romagna
Reggio Emilia,Italy,Emilia-Romagna
Frankfurt,Germany,Hessen
Frankfurt,Germany,Hessen
Frankfurt,Germany,Hessen
Frankfurt,Germany,Hessen
Frankfurt,Germany,Hessen
Frankfurt,Germany,Hessen
Frankfurt,Germany,Hessen
Frankfurt,Germany,Hessen
Frankfurt,Germany,Hessen
Frankfurt,Germany,Hessen
Frankfurt,Germany,Hessen
Frankfurt,Germany,Hessen
Frankfurt,Germany,Hessen
Frankfurt,Germany,Hessen
Frankfurt,Germany,Hessen
Frankfurt,Germany,Hessen
Frankfurt,Germany,Hessen
Frankfurt,Germany,Hessen
Frankfurt,Germany,Hessen
Frankfurt,Germany,Hessen
Frankfurt,Germany,Hessen
Frankfurt,Germany,Hessen
Espoo,Finland,Uusimaa
Espoo,Finland,Uusimaa
Espoo,Finland,Uusimaa
Espoo,Finland,Uusimaa
Espoo,Finland,Uusimaa
Espoo,Finland,Uusimaa
Espoo,Finland,Uusimaa
Espoo,Finland,Uusimaa
Espoo,Finland,Uusimaa
Espoo,Finland,Uusimaa
Espoo,Finland,Uusimaa
Espoo,Finland,Uusimaa
Espoo,Finland,Uusimaa
Espoo,Finland,Uusimaa
Espoo,Finland,Uusimaa
Espoo,Finland,Uusimaa
Espoo,Finland,Uusimaa
Espoo,Finland,Uusimaa
Espoo,Finland,Uusimaa
Espoo,Finland,Uusimaa
Espoo,Finland,Uusimaa
Espoo,Finland,Uusimaa
Espoo,Finland,Uusimaa
Espoo,Finland,Uusimaa
Espoo,Finland,Uusimaa
Espoo,Finland,Uusimaa
Espoo,Finland,Uusimaa
Espoo,Finland,Uusimaa
Espoo,Finland,Uusimaa
Espoo,Finland,Uusimaa
Dublin,Ireland,Dublin
Dublin,Ireland,Dublin
Dublin,Ireland,Dublin
Dublin,Ireland,Dublin
Dublin,Ireland,Dublin
Dublin,Ireland,Dublin
Dublin,Ireland,Dublin
Dublin,Ireland,Dublin
Dublin,Ireland,Dublin
Dublin,Ireland,Dublin
Dublin,Ireland,Dublin
Dublin,Ireland,Dublin
Dublin,Ireland,Dublin
Dublin,Ireland,Dublin
Dublin,Ireland,Dublin
Dublin,Ireland,Dublin
Manchester,UK,Greater London
Manchester,UK,Greater London
Manchester,UK,Greater London
Manchester,UK,Greater London
Manchester,UK,Greater London
Manchester,UK,Greater London
Manchester,UK,Greater London
Manchester,UK,Greater London
Manchester,UK,Greater London
Manchester,UK,Greater London
Manchester,UK,Greater London
Manchester,UK,Greater London
Manchester,UK,Greater London
Manchester,UK,Greater London
Manchester,UK,Greater London
Manchester,UK,Greater London
Manchester,UK,Greater London
Manchester,UK,Greater London
Manchester,UK,Greater London
Manchester,UK,Greater London
Manchester,UK,Greater London
Manchester,UK,Greater London
Manchester,UK,Greater London
Manchester,UK,Greater London
Manchester,UK,Greater London
Manchester,UK,Greater London
Manchester,UK,Greater London
Manchester,UK,Greater London
Manchester,UK,Greater London
Manchester,UK,Greater London
Manchester,UK,Greater London
Manchester,UK,Greater London
Manchester,UK,Greater London
Manchester,UK,Greater London
Manchester,UK,Greater London
Manchester,UK,Greater London
Manchester,UK,Greater London
Manchester,UK,Greater London
Manchester,UK,Greater London
Manchester,UK,Greater London
Manchester,UK,Greater London
Manchester,UK,Greater London
Manchester,UK,Greater London
Manchester,UK,Greater London
Manchester,UK,Greater London
Manchester,UK,Greater London
Manchester,UK,Greater London
Manchester,UK,Greater London
Manchester,UK,Greater London
Manchester,UK,Greater London
Manchester,UK,Greater London
Aaarhus,Denmark,Central Jutland
Aaarhus,Denmark,Central Jutland
Aaarhus,Denmark,Central Jutland
Aaarhus,Denmark,Central Jutland
Aaarhus,Denmark,Central Jutland
Aaarhus,Denmark,Central Jutland
Aaarhus,Denmark,Central Jutland
Aaarhus,Denmark,Central Jutland
Aaarhus,Denmark,Central Jutland
Aaarhus,Denmark,Central Jutland
Aaarhus,Denmark,Central Jutland
Aaarhus,Denmark,Central Jutland
Aaarhus,Denmark,Central Jutland
Aaarhus,Denmark,Central Jutland
Aaarhus,Denmark,Central Jutland
Aaarhus,Denmark,Central Jutland
Aaarhus,Denmark,Central Jutland
Aaarhus,Denmark,Central Jutland
Aaarhus,Denmark,Central Jutland
Aaarhus,Denmark,Central Jutland
Aaarhus,Denmark,Central Jutland
Aaarhus,Denmark,Central Jutland
Aaarhus,Denmark,Central Jutland
Aaarhus,Denmark,Central Jutland
Aaarhus,Denmark,Central Jutland
Aaarhus,Denmark,Central Jutland
Aaarhus,Denmark,Central Jutland
Sevilla,Spain,Andalusia
Sevilla,Spain,Andalusia
Sevilla,Spain,Andalusia
Sevilla,Spain,Andalusia
Sevilla,Spain,Andalusia
Sevilla,Spain,Andalusia
Sevilla,Spain,Andalusia
Sevilla,Spain,Andalusia
Sevilla,Spain,Andalusia
Sevilla,Spain,Andalusia
Sevilla,Spain,Andalusia
Sevilla,Spain,Andalusia
Sevilla,Spain,Andalusia
Sevilla,Spain,Andalusia
Sevilla,Spain,Andalusia
Strasbourg,France,Grand Est
Strasbourg,France,Grand Est
Strasbourg,France,Grand Est
Strasbourg,France,Grand Est
Strasbourg,France,Grand Est
Strasbourg,France,Grand Est
Strasbourg,France,Grand Est
Strasbourg,France,Grand Est
Strasbourg,France,Grand Est
Strasbourg,France,Grand Est
Strasbourg,France,Grand Est
Strasbourg,France,Grand Est
Strasbourg,France,Grand Est
Strasbourg,France,Grand Est
Strasbourg,France,Grand Est
Strasbourg,France,Grand Est
Strasbourg,France,Grand Est
Strasbourg,France,Grand Est
Strasbourg,France,Grand Est
Oslo,Norway,Oslo
Oslo,Norway,Oslo
Oslo,Norway,Oslo
Oslo,Norway,Oslo
Oslo,Norway,Oslo
Oslo,Norway,Oslo
Oslo,Norway,Oslo
Oslo,Norway,Oslo
Oslo,Norway,Oslo
Oslo,Norway,Oslo
Oslo,Norway,Oslo
Oslo,Norway,Oslo
Oslo,Norway,Oslo
Oslo,Norway,Oslo
Oslo,Norway,Oslo
Oslo,Norway,Oslo
Oslo,Norway,Oslo
Oslo,Norway,Oslo
Oslo,Norway,Oslo
Oslo,Norway,Oslo
Oslo,Norway,Oslo
Oslo,Norway,Oslo
Oslo,Norway,Oslo
Oslo,Norway,Oslo
Bergamo,Italy,Lombardy
Bergamo,Italy,Lombardy
Bergamo,Italy,Lombardy
Bergamo,Italy,Lombardy
Bergamo,Italy,Lombardy
Bergamo,Italy,Lombardy
Bergamo,Italy,Lombardy
Bergamo,Italy,Lombardy
Bergamo,Italy,Lombardy
Bergamo,Italy,Lombardy
Bergamo,Italy,Lombardy
Bergamo,Italy,Lombardy
Bergamo,Italy,Lombardy
Bergamo,Italy,Lombardy
Bergamo,Italy,Lombardy
Bergamo,Italy,Lombardy
Bergamo,Italy,Lombardy
Bergamo,Italy,Lombardy
Bergamo,Italy,Lombardy
Bergamo,Italy,Lombardy
Bergamo,Italy,Lombardy
Bergamo,Italy,Lombardy
Bergamo,Italy,Lombardy
Bergamo,Italy,Lombardy
Bergamo,Italy,Lombardy
Bergamo,Italy,Lombardy
Bergamo,Italy,Lombardy
Bergamo,Italy,Lombardy
Bergamo,Italy,Lombardy
Bergamo,Italy,Lombardy
Bergamo,Italy,Lombardy
Bergamo,Italy,Lombardy
Bergamo,Italy,Lombardy
Bergamo,Italy,Lombardy
Bergamo,Italy,Lombardy
Bergamo,Italy,Lombardy
Bergamo,Italy,Lombardy
Bergamo,Italy,Lombardy
Bergamo,Italy,Lombardy
Bergamo,Italy,Lombardy
Bergamo,Italy,Lombardy
Bergamo,Italy,Lombardy
Bergamo,Italy,Lombardy
Bergamo,Italy,Lombardy
Bergamo,Italy,Lombardy
Bergamo,Italy,Lombardy
Bergamo,Italy,Lombardy
Bergamo,Italy,Lombardy
Munich,Germany,Bavaria
Munich,Germany,Bavaria
Munich,Germany,Bavaria
Munich,Germany,Bavaria
Munich,Germany,Bavaria
Munich,Germany,Bavaria
Munich,Germany,Bavaria
Munich,Germany,Bavaria
Munich,Germany,Bavaria
Munich,Germany,Bavaria
Munich,Germany,Bavaria
Munich,Germany,Bavaria
Munich,Germany,Bavaria
Munich,Germany,Bavaria
Charleroi,Belgium,Hainaut
Charleroi,Belgium,Hainaut
Charleroi,Belgium,Hainaut
Charleroi,Belgium,Hainaut
Charleroi,Belgium,Hainaut
Charleroi,Belgium,Hainaut
Charleroi,Belgium,Hainaut
Charleroi,Belgium,Hainaut
