CITY,COUNTRY
Reims,France
Paris,France
Lille,France
Bergen,Norway
Paris,France
Nantes,France
Helsinki,Finland
Stavern,Norway
Salzburg,Austria
Nantes,France
Liverpool,UK
Madrid,Spain
Stavern,Norway
Lule,Sweden
Madrid,Spain
Singapore,Singapore
Lyon,France
Torino,Italy
Boras,Sweden
Versailles,France
Madrid,Spain
Paris,France
Lille,France
Bergen,Norway
Nantes,France
Nantes,France
Paris,France
Madrid,Spain
Paris,France
Lille,France
Bergen,Norway
Nantes,France
Helsinki,Finland
Liverpool,UK
Madrid,Spain
Kobenhavn,Denmark
Salzburg,Austria
London,UK
Helsinki,Finland
Boras,Sweden
Toulouse,France
London,UK
Barcelona,Spain
Bruxelles,Belgium
Stavern,Norway
Madrid,Spain
Reims,France
Oulu,Finland
Paris,France
Stavern,Norway
Paris,France
Madrid,Spain
Singapore,Singapore
Graz,Austria
London,UK
Lyon,France
Singapore,Singapore
Singapore,Singapore
Boras,Sweden
Lule,Sweden
Nantes,France
Makati City,Philippines
Marseille,France
Bergen,Norway
Koln,Germany
Madrid,Spain
Paris,France
Gensve,Switzerland
Kobenhavn,Denmark
Liverpool,UK
Reggio Emilia,Italy
Gensve,Switzerland
Frankfurt,Germany
Koln,Germany
Lule,Sweden
Salzburg,Austria
Espoo,Finland
Nantes,France
Boras,Sweden
Salzburg,Austria
Kobenhavn,Denmark
Singapore,Singapore
Madrid,Spain
Singapore,Singapore
Reggio Emilia,Italy
Lyon,France
Dublin,Ireland
Madrid,Spain
Espoo,Finland
Torino,Italy
Manchester,UK
Aaarhus,Denmark
Stavern,Norway
Paris,France
Madrid,Spain
Reims,France
Paris,France
Stavern,Norway
Madrid,Spain
Singapore,Singapore
Graz,Austria
Lyon,France
Versailles,France
Boras,Sweden
Versailles,France
Madrid,Spain
Reims,France
Paris,France
Lille,France
Paris,France
Lille,France
Helsinki,Finland
Stavern,Norway
Salzburg,Austria
Nantes,France
Liverpool,UK
Madrid,Spain
Madrid,Spain
Singapore,Singapore
Madrid,Spain
Singapore,Singapore
Reggio Emilia,Italy
Lyon,France
Dublin,Ireland
Frankfurt,Germany
Espoo,Finland
Torino,Italy
Manchester,UK
Aaarhus,Denmark
Paris,France
Madrid,Spain
Madrid,Spain
Makati City,Philippines
Marseille,France
Graz,Austria
Bergen,Norway
Koln,Germany
Madrid,Spain
Madrid,Spain
Gensve,Switzerland
Kobenhavn,Denmark
Liverpool,UK
Reggio Emilia,Italy
Gensve,Switzerland
Frankfurt,Germany
Koln,Germany
Lule,Sweden
Salzburg,Austria
Espoo,Finland
Boras,Sweden
Salzburg,Austria
Kobenhavn,Denmark
Singapore,Singapore
Madrid,Spain
Singapore,Singapore
Reggio Emilia,Italy
Lyon,France
Dublin,Ireland
Madrid,Spain
Espoo,Finland
Torino,Italy
Manchester,UK
Aaarhus,Denmark
Stavern,Norway
Paris,France
Reims,France
Makati City,Philippines
Marseille,France
Bergen,Norway
Koln,Germany
Madrid,Spain
Paris,France
Gensve,Switzerland
Kobenhavn,Denmark
Liverpool,UK
Reggio Emilia,Italy
Gensve,Switzerland
Frankfurt,Germany
Koln,Germany
Lule,Sweden
Salzburg,Austria
Espoo,Finland
Helsinki,Finland
Boras,Sweden
Salzburg,Austria
Madrid,Spain
Espoo,Finland
Oulu,Finland
Singapore,Singapore
London,UK
Sevilla,Spain
Madrid,Spain
Singapore,Singapore
Aaarhus,Denmark
Paris,France
Madrid,Spain
Madrid,Spain
Nantes,France
Makati City,Philippines
Marseille,France
Graz,Austria
Bergen,Norway
Madrid,Spain
Madrid,Spain
Gensve,Switzerland
Oulu,Finland
Liverpool,UK
Reggio Emilia,Italy
Singapore,Singapore
Gensve,Switzerland
Frankfurt,Germany
Koln,Germany
Salzburg,Austria
Espoo,Finland
Helsinki,Finland
Boras,Sweden
Strasbourg,France
Salzburg,Austria
Stavern,Norway
Madrid,Spain
Singapore,Singapore
Graz,Austria
Lyon,France
Torino,Italy
Boras,Sweden
Versailles,France
Madrid,Spain
Marseille,France
Toulouse,France
Aaarhus,Denmark
Bergen,Norway
Madrid,Spain
Gensve,Switzerland
Liverpool,UK
Reggio Emilia,Italy
Gensve,Switzerland
Oslo,Norway
Koln,Germany
Paris,France
Helsinki,Finland
Kobenhavn,Denmark
Salzburg,Austria
Bergamo,Italy
Madrid,Spain
Lyon,France
Madrid,Spain
Kobenhavn,Denmark
Torino,Italy
Bergen,Norway
Versailles,France
Manchester,UK
Paris,France
Madrid,Spain
Madrid,Spain
Bergamo,Italy
Madrid,Spain
Lyon,France
Madrid,Spain
Kobenhavn,Denmark
Torino,Italy
Bergen,Norway
Versailles,France
Manchester,UK
Paris,France
Manchester,UK
Nantes,France
Reims,France
Aaarhus,Denmark
Bergen,Norway
Madrid,Spain
Strasbourg,France
Liverpool,UK
Reggio Emilia,Italy
Singapore,Singapore
Oslo,Norway
Madrid,Spain
Reims,France
Madrid,Spain
Salzburg,Austria
Bergamo,Italy
Salzburg,Austria
Helsinki,Finland
Boras,Sweden
Toulouse,France
London,UK
Makati City,Philippines
Madrid,Spain
Oslo,Norway
Munich,Germany
Kobenhavn,Denmark
Charleroi,Belgium
London,UK
Oulu,Finland
Madrid,Spain
Reims,France
Reggio Emilia,Italy
Manchester,UK
Bergamo,Italy
Madrid,Spain
Lyon,France
Strasbourg,France
Torino,Italy
Singapore,Singapore
Liverpool,UK
Marseille,France
Madrid,Spain
Makati City,Philippines
Marseille,France
Graz,Austria
Bergen,Norway
Madrid,Spain
Madrid,Spain
Gensve,Switzerland
Oulu,Finland
Liverpool,UK
Reggio Emilia,Italy
Gensve,Switzerland
Frankfurt,Germany
Koln,Germany
Espoo,Finland
Helsinki,Finland
Boras,Sweden
Strasbourg,France
Salzburg,Austria
Marseille,France
Toulouse,France
Aaarhus,Denmark
Bergen,Norway
Madrid,Spain
Liverpool,UK
Reggio Emilia,Italy
Gensve,Switzerland
Oslo,Norway
Koln,Germany
Paris,France
Charleroi,Belgium
Helsinki,Finland
Kobenhavn,Denmark
Salzburg,Austria
Madrid,Spain
Espoo,Finland
Oulu,Finland
Singapore,Singapore
Reggio Emilia,Italy
Sevilla,Spain
Frankfurt,Germany
Madrid,Spain
Singapore,Singapore
Aaarhus,Denmark
Paris,France
Madrid,Spain
Madrid,Spain
Nantes,France
Manchester,UK
Bergamo,Italy
Madrid,Spain
Lyon,France
Strasbourg,France
Torino,Italy
Singapore,Singapore
Sevilla,Spain
Manchester,UK
Marseille,France
Madrid,Spain
Madrid,Spain
Paris,France
Espoo,Finland
Oulu,Finland
Singapore,Singapore
London,UK
Sevilla,Spain
Madrid,Spain
Singapore,Singapore
Lule,Sweden
Madrid,Spain
Madrid,Spain
Madrid,Spain
Nantes,France
Frankfurt,Germany
Manchester,UK
Bergamo,Italy
Madrid,Spain
Lyon,France
Torino,Italy
Singapore,Singapore
Versailles,France
Manchester,UK
Marseille,France
Paris,France
Madrid,Spain
Singapore,Singapore
Stavern,Norway
Paris,France
Madrid,Spain
Oulu,Finland
Singapore,Singapore
London,UK
Sevilla,Spain
Lyon,France
Singapore,Singapore
Madrid,Spain
Singapore,Singapore
Boras,Sweden
Lule,Sweden
Madrid,Spain
Nantes,France
Bergamo,Italy
Madrid,Spain
Nantes,France
Oslo,Norway
Dublin,Ireland
Kobenhavn,Denmark
Madrid,Spain
Reims,France
Reggio Emilia,Italy
Paris,France
Lille,France
Bergen,Norway
Nantes,France
Nantes,France
Boras,Sweden
Paris,France
Madrid,Spain
Frankfurt,Germany
Manchester,UK
Bergamo,Italy
Madrid,Spain
Madrid,Spain
Lyon,France
Madrid,Spain
Strasbourg,France
Torino,Italy
Bergen,Norway
Versailles,France
Manchester,UK
Paris,France
Madrid,Spain
Nantes,France
Reims,France
Aaarhus,Denmark
Bergen,Norway
Madrid,Spain
Strasbourg,France
Liverpool,UK
Reggio Emilia,Italy
Gensve,Switzerland
Oslo,Norway
Madrid,Spain
Reims,France
Charleroi,Belgium
Madrid,Spain
Salzburg,Austria
Stavern,Norway
Lule,Sweden
Madrid,Spain
Singapore,Singapore
Madrid,Spain
Torino,Italy
Boras,Sweden
Versailles,France
Bruxelles,Belgium
Stavern,Norway
Madrid,Spain
Singapore,Singapore
Bergamo,Italy
Madrid,Spain
Salzburg,Austria
Torino,Italy
Boras,Sweden
Versailles,France
Manchester,UK
Graz,Austria
Bruxelles,Belgium
Bergamo,Italy
Salzburg,Austria
Helsinki,Finland
Boras,Sweden
Toulouse,France
London,UK
Barcelona,Spain
Madrid,Spain
Bruxelles,Belgium
Munich,Germany
Kobenhavn,Denmark
Charleroi,Belgium
Madrid,Spain
Oulu,Finland
Madrid,Spain
Reims,France
Stavern,Norway
Madrid,Spain
Singapore,Singapore
Bergamo,Italy
Madrid,Spain
Torino,Italy
Boras,Sweden
Versailles,France
Manchester,UK
Graz,Austria
Bruxelles,Belgium
Kobenhavn,Denmark
Singapore,Singapore
Madrid,Spain
Madrid,Spain
Madrid,Spain
Lyon,France
Bruxelles,Belgium
Bruxelles,Belgium
Torino,Italy
Manchester,UK
Aaarhus,Denmark
Stavern,Norway
Paris,France
Madrid,Spain
Madrid,Spain
Madrid,Spain
Paris,France
Marseille,France
Toulouse,France
Espoo,Finland
Oulu,Finland
Singapore,Singapore
London,UK
Bergen,Norway
Sevilla,Spain
Madrid,Spain
Madrid,Spain
Gensve,Switzerland
Oulu,Finland
Madrid,Spain
Liverpool,UK
Singapore,Singapore
Reggio Emilia,Italy
Gensve,Switzerland
Oslo,Norway
Koln,Germany
Lule,Sweden
Madrid,Spain
Charleroi,Belgium
Helsinki,Finland
Madrid,Spain
Madrid,Spain
Strasbourg,France
Madrid,Spain
Salzburg,Austria
Nantes,France
Kobenhavn,Denmark
Singapore,Singapore
Madrid,Spain
Madrid,Spain
Singapore,Singapore
Madrid,Spain
Lyon,France
Bruxelles,Belgium
Bruxelles,Belgium
Torino,Italy
Manchester,UK
Aaarhus,Denmark
Lule,Sweden
Paris,France
Madrid,Spain
Madrid,Spain
Makati City,Philippines
Marseille,France
Bergen,Norway
Koln,Germany
Madrid,Spain
Paris,France
Gensve,Switzerland
Kobenhavn,Denmark
Paris,France
Gensve,Switzerland
Frankfurt,Germany
Koln,Germany
Espoo,Finland
Madrid,Spain
Stavern,Norway
Madrid,Spain
Bergamo,Italy
Lyon,France
Madrid,Spain
Torino,Italy
Versailles,France
Frankfurt,Germany
Graz,Austria
Bruxelles,Belgium
Makati City,Philippines
Marseille,France
Bergen,Norway
Koln,Germany
Madrid,Spain
Paris,France
Gensve,Switzerland
Kobenhavn,Denmark
Paris,France
Gensve,Switzerland
Frankfurt,Germany
Koln,Germany
Lule,Sweden
Makati City,Philippines
Madrid,Spain
Espoo,Finland
Madrid,Spain
Nantes,France
Reims,France
Aaarhus,Denmark
Bergen,Norway
Madrid,Spain
Liverpool,UK
Reggio Emilia,Italy
Gensve,Switzerland
Oslo,Norway
Madrid,Spain
Reims,France
Madrid,Spain
Kobenhavn,Denmark
Salzburg,Austria
Makati City,Philippines
Marseille,France
Lille,France
Koln,Germany
Paris,France
Lille,France
Paris,France
Paris,France
Helsinki,Finland
Koln,Germany
Makati City,Philippines
Madrid,Spain
Espoo,Finland
Madrid,Spain
Liverpool,UK
Bergamo,Italy
Salzburg,Austria
Helsinki,Finland
Boras,Sweden
Toulouse,France
London,UK
Barcelona,Spain
Madrid,Spain
Bruxelles,Belgium
Munich,Germany
Bergamo,Italy
Charleroi,Belgium
London,UK
Oulu,Finland
Madrid,Spain
Reims,France
Madrid,Spain
Singapore,Singapore
Singapore,Singapore
Reggio Emilia,Italy
Dublin,Ireland
Frankfurt,Germany
Espoo,Finland
Manchester,UK
Aaarhus,Denmark
Madrid,Spain
Madrid,Spain
Madrid,Spain
Manchester,UK
Bergamo,Italy
London,UK
Lyon,France
Strasbourg,France
Torino,Italy
Singapore,Singapore
Liverpool,UK
Madrid,Spain
Manchester,UK
Marseille,France
Madrid,Spain
Kobenhavn,Denmark
Singapore,Singapore
Madrid,Spain
Madrid,Spain
Madrid,Spain
Barcelona,Spain
Lyon,France
Bruxelles,Belgium
Bruxelles,Belgium
Torino,Italy
Manchester,UK
Nantes,France
Lule,Sweden
Madrid,Spain
Madrid,Spain
Stavern,Norway
Paris,France
Madrid,Spain
Singapore,Singapore
Graz,Austria
London,UK
Lyon,France
Singapore,Singapore
Singapore,Singapore
Boras,Sweden
Frankfurt,Germany
Lule,Sweden
Nantes,France
Stavern,Norway
Madrid,Spain
Singapore,Singapore
Graz,Austria
Lyon,France
Boras,Sweden
Versailles,France
Madrid,Spain
Madrid,Spain
Madrid,Spain
Makati City,Philippines
Marseille,France
Lille,France
Koln,Germany
Paris,France
Gensve,Switzerland
Kobenhavn,Denmark
Paris,France
Gensve,Switzerland
Helsinki,Finland
Koln,Germany
Makati City,Philippines
Madrid,Spain
Espoo,Finland
Madrid,Spain
Manchester,UK
Aaarhus,Denmark
Bergamo,Italy
London,UK
Lyon,France
Strasbourg,France
Madrid,Spain
Singapore,Singapore
Liverpool,UK
Madrid,Spain
Manchester,UK
Marseille,France
Madrid,Spain
Manchester,UK
Aaarhus,Denmark
Madrid,Spain
Strasbourg,France
Madrid,Spain
Singapore,Singapore
Oslo,Norway
Madrid,Spain
Manchester,UK
Marseille,France
Madrid,Spain
Madrid,Spain
Espoo,Finland
Singapore,Singapore
Reggio Emilia,Italy
Sevilla,Spain
Dublin,Ireland
Frankfurt,Germany
Madrid,Spain
Singapore,Singapore
Aaarhus,Denmark
Paris,France
Madrid,Spain
Madrid,Spain
Madrid,Spain
Madrid,Spain
Nantes,France
Paris,France
Lille,France
Bergen,Norway
Paris,France
Nantes,France
Helsinki,Finland
Stavern,Norway
Boras,Sweden
Liverpool,UK
Madrid,Spain
Manchester,UK
Nantes,France
Reims,France
Aaarhus,Denmark
Bergen,Norway
Madrid,Spain
Strasbourg,France
Reggio Emilia,Italy
Singapore,Singapore
Oslo,Norway
Madrid,Spain
Manchester,UK
Reims,France
Madrid,Spain
Bergamo,Italy
Madrid,Spain
Madrid,Spain
Nantes,France
Oslo,Norway
Dublin,Ireland
Bergamo,Italy
Madrid,Spain
Reims,France
Reggio Emilia,Italy
Frankfurt,Germany
Manchester,UK
Bergamo,Italy
Madrid,Spain
Madrid,Spain
Lyon,France
Torino,Italy
Singapore,Singapore
Versailles,France
Manchester,UK
Marseille,France
Paris,France
Madrid,Spain
Singapore,Singapore
Paris,France
Stavern,Norway
Lille,France
Bergen,Norway
Nantes,France
Dublin,Ireland
Barcelona,Spain
Espoo,Finland
Nantes,France
Boras,Sweden
Paris,France
Reggio Emilia,Italy
Kobenhavn,Denmark
Singapore,Singapore
London,UK
Madrid,Spain
Boras,Sweden
Madrid,Spain
Barcelona,Spain
Lyon,France
Bruxelles,Belgium
Bruxelles,Belgium
Torino,Italy
Manchester,UK
Nantes,France
Lule,Sweden
Madrid,Spain
Frankfurt,Germany
Manchester,UK
Bergamo,Italy
Madrid,Spain
Madrid,Spain
Lyon,France
Madrid,Spain
Strasbourg,France
Torino,Italy
Bergen,Norway
Versailles,France
Manchester,UK
Nantes,France
Paris,France
Madrid,Spain
Stavern,Norway
Paris,France
Madrid,Spain
Oulu,Finland
Singapore,Singapore
London,UK
Sevilla,Spain
Lyon,France
Singapore,Singapore
Madrid,Spain
Singapore,Singapore
Boras,Sweden
Lule,Sweden
Madrid,Spain
Madrid,Spain
Madrid,Spain
Nantes,France
Makati City,Philippines
Reims,France
Lille,France
Madrid,Spain
Paris,France
Lille,France
Paris,France
Helsinki,Finland
Stavern,Norway
Makati City,Philippines
Salzburg,Austria
Madrid,Spain
Espoo,Finland
Nantes,France
Liverpool,UK
Manchester,UK
Aaarhus,Denmark
Madrid,Spain
Lyon,France
Strasbourg,France
Madrid,Spain
Singapore,Singapore
Liverpool,UK
Madrid,Spain
Manchester,UK
Madrid,Spain
Madrid,Spain
Paris,France
Espoo,Finland
Oulu,Finland
Singapore,Singapore
London,UK
Sevilla,Spain
Madrid,Spain
Singapore,Singapore
Aaarhus,Denmark
Madrid,Spain
Madrid,Spain
Madrid,Spain
Madrid,Spain
Nantes,France
Bergamo,Italy
Salzburg,Austria
Helsinki,Finland
Boras,Sweden
Toulouse,France
London,UK
Makati City,Philippines
Madrid,Spain
Oslo,Norway
Munich,Germany
Bergamo,Italy
London,UK
Oulu,Finland
Madrid,Spain
Reims,France
Manchester,UK
Aaarhus,Denmark
Bergamo,Italy
London,UK
Lyon,France
Strasbourg,France
Madrid,Spain
Singapore,Singapore
Liverpool,UK
Madrid,Spain
Manchester,UK
Madrid,Spain
Marseille,France
Bergen,Norway
Madrid,Spain
Madrid,Spain
Gensve,Switzerland
Oulu,Finland
Liverpool,UK
Reggio Emilia,Italy
Gensve,Switzerland
Oslo,Norway
Koln,Germany
Madrid,Spain
Madrid,Spain
Strasbourg,France
Salzburg,Austria
Kobenhavn,Denmark
Salzburg,Austria
London,UK
Boras,Sweden
Madrid,Spain
Barcelona,Spain
Lyon,France
Bruxelles,Belgium
Manchester,UK
Nantes,France
Lule,Sweden
Madrid,Spain
Oulu,Finland
Manchester,UK
Aaarhus,Denmark
Madrid,Spain
Lyon,France
Strasbourg,France
Madrid,Spain
Singapore,Singapore
Liverpool,UK
Madrid,Spain
Manchester,UK
Madrid,Spain
Makati City,Philippines
Marseille,France
Bergen,Norway
Koln,Germany
Madrid,Spain
Paris,France
Gensve,Switzerland
Kobenhavn,Denmark
Liverpool,UK
Reggio Emilia,Italy
Gensve,Switzerland
Frankfurt,Germany
Koln,Germany
Lule,Sweden
Madrid,Spain
Espoo,Finland
Madrid,Spain
Salzburg,Austria
Bergamo,Italy
Salzburg,Austria
Helsinki,Finland
Boras,Sweden
Toulouse,France
London,UK
Makati City,Philippines
Madrid,Spain
Oslo,Norway
Munich,Germany
Bergamo,Italy
London,UK
Oulu,Finland
Madrid,Spain
Reims,France
Manchester,UK
Aaarhus,Denmark
Madrid,Spain
Strasbourg,France
Madrid,Spain
Singapore,Singapore
Oslo,Norway
Madrid,Spain
Manchester,UK
Madrid,Spain
Kobenhavn,Denmark
Salzburg,Austria
London,UK
Helsinki,Finland
Boras,Sweden
Toulouse,France
London,UK
Barcelona,Spain
Madrid,Spain
Bruxelles,Belgium
Munich,Germany
Lule,Sweden
Madrid,Spain
Oulu,Finland
Makati City,Philippines
Marseille,France
Graz,Austria
Bergen,Norway
Madrid,Spain
Madrid,Spain
Gensve,Switzerland
Oulu,Finland
Liverpool,UK
Reggio Emilia,Italy
Gensve,Switzerland
Oslo,Norway
Koln,Germany
Madrid,Spain
Espoo,Finland
Madrid,Spain
Strasbourg,France
Salzburg,Austria
Bergamo,Italy
Salzburg,Austria
Helsinki,Finland
Toulouse,France
Makati City,Philippines
Madrid,Spain
Nantes,France
Oslo,Norway
Munich,Germany
Bergamo,Italy
London,UK
Oulu,Finland
Madrid,Spain
Reims,France
Reggio Emilia,Italy
Manchester,UK
Bergamo,Italy
Madrid,Spain
Lyon,France
Torino,Italy
Singapore,Singapore
Sevilla,Spain
Manchester,UK
Madrid,Spain
Madrid,Spain
Espoo,Finland
Singapore,Singapore
Reggio Emilia,Italy
Sevilla,Spain
Dublin,Ireland
Frankfurt,Germany
Madrid,Spain
Aaarhus,Denmark
Stavern,Norway
Paris,France
Reims,France
Madrid,Spain
Madrid,Spain
Madrid,Spain
Stavern,Norway
Madrid,Spain
Bergamo,Italy
Madrid,Spain
Salzburg,Austria
Torino,Italy
Versailles,France
Madrid,Spain
Madrid,Spain
Bruxelles,Belgium
Bergamo,Italy
Madrid,Spain
Nantes,France
Oslo,Norway
Dublin,Ireland
Bergamo,Italy
Barcelona,Spain
Nantes,France
Madrid,Spain
Reims,France
Reggio Emilia,Italy
Makati City,Philippines
Marseille,France
Lille,France
Koln,Germany
Paris,France
Gensve,Switzerland
Kobenhavn,Denmark
Paris,France
Gensve,Switzerland
Helsinki,Finland
Koln,Germany
Reims,France
Madrid,Spain
Espoo,Finland
Madrid,Spain
Stavern,Norway
Paris,France
Madrid,Spain
Oulu,Finland
Graz,Austria
London,UK
Sevilla,Spain
Lyon,France
Singapore,Singapore
Singapore,Singapore
Boras,Sweden
Madrid,Spain
Madrid,Spain
Nantes,France
Madrid,Spain
Bergen,Norway
Nantes,France
Dublin,Ireland
Barcelona,Spain
Espoo,Finland
Nantes,France
Singapore,Singapore
Reggio Emilia,Italy
Makati City,Philippines
Marseille,France
Lille,France
Madrid,Spain
Paris,France
Lille,France
Paris,France
Helsinki,Finland
Koln,Germany
Reims,France
Madrid,Spain
Marseille,France
Madrid,Spain
Liverpool,UK
Madrid,Spain
Paris,France
Espoo,Finland
Oulu,Finland
Singapore,Singapore
London,UK
Sevilla,Spain
Madrid,Spain
Singapore,Singapore
Stavern,Norway
Reims,France
Madrid,Spain
Madrid,Spain
Madrid,Spain
Nantes,France
Madrid,Spain
Charleroi,Belgium
Singapore,Singapore
Reggio Emilia,Italy
Sevilla,Spain
Dublin,Ireland
Frankfurt,Germany
Espoo,Finland
Manchester,UK
Aaarhus,Denmark
Stavern,Norway
Paris,France
Madrid,Spain
Reims,France
Madrid,Spain
Madrid,Spain
Stavern,Norway
Madrid,Spain
Singapore,Singapore
Graz,Austria
London,UK
Lyon,France
Singapore,Singapore
Boras,Sweden
Versailles,France
Madrid,Spain
Madrid,Spain
Madrid,Spain
Bergamo,Italy
Madrid,Spain
Charleroi,Belgium
Madrid,Spain
Nantes,France
Oslo,Norway
Dublin,Ireland
Bergamo,Italy
Barcelona,Spain
Nantes,France
Reims,France
Reggio Emilia,Italy
Makati City,Philippines
Reims,France
Lille,France
Madrid,Spain
Paris,France
Lille,France
Paris,France
Helsinki,Finland
Stavern,Norway
Salzburg,Austria
Madrid,Spain
Nantes,France
Liverpool,UK
Bergamo,Italy
Madrid,Spain
Madrid,Spain
Madrid,Spain
Nantes,France
Oslo,Norway
Munich,Germany
Bergamo,Italy
Barcelona,Spain
Nantes,France
Reims,France
Reggio Emilia,Italy
Madrid,Spain
Espoo,Finland
Oulu,Finland
Singapore,Singapore
Reggio Emilia,Italy
Sevilla,Spain
Dublin,Ireland
Frankfurt,Germany
Madrid,Spain
Singapore,Singapore
Aaarhus,Denmark
Stavern,Norway
Paris,France
Madrid,Spain
Reims,France
Madrid,Spain
Paris,France
Madrid,Spain
Nantes,France
Madrid,Spain
Singapore,Singapore
Madrid,Spain
Singapore,Singapore
Reggio Emilia,Italy
Lyon,France
Dublin,Ireland
Frankfurt,Germany
Espoo,Finland
Manchester,UK
Aaarhus,Denmark
Stavern,Norway
Madrid,Spain
Reims,France
Madrid,Spain
Paris,France
Makati City,Philippines
Reims,France
Lille,France
Madrid,Spain
Paris,France
Lille,France
Paris,France
Helsinki,Finland
Stavern,Norway
Salzburg,Austria
Paris,France
Nantes,France
Liverpool,UK
Kobenhavn,Denmark
Salzburg,Austria
London,UK
Madrid,Spain
Boras,Sweden
Madrid,Spain
Barcelona,Spain
Lyon,France
Bruxelles,Belgium
Manchester,UK
Nantes,France
Lule,Sweden
Madrid,Spain
Oulu,Finland
Bergamo,Italy
Madrid,Spain
Madrid,Spain
Madrid,Spain
Nantes,France
Oslo,Norway
Munich,Germany
Bergamo,Italy
Barcelona,Spain
Nantes,France
Reims,France
Reggio Emilia,Italy
Kobenhavn,Denmark
Singapore,Singapore
Madrid,Spain
Madrid,Spain
Madrid,Spain
Lyon,France
Bruxelles,Belgium
Bruxelles,Belgium
Torino,Italy
Manchester,UK
Aaarhus,Denmark
Kobenhavn,Denmark
Madrid,Spain
Toulouse,France
Bergamo,Italy
Salzburg,Austria
Helsinki,Finland
Boras,Sweden
Toulouse,France
London,UK
Barcelona,Spain
Madrid,Spain
Munich,Germany
Bergamo,Italy
Oulu,Finland
Madrid,Spain
Reims,France
Bergamo,Italy
Helsinki,Finland
Toulouse,France
Makati City,Philippines
Madrid,Spain
Nantes,France
Oslo,Norway
Munich,Germany
Bergamo,Italy
Barcelona,Spain
Nantes,France
Madrid,Spain
Reims,France
Reggio Emilia,Italy
Kobenhavn,Denmark
Salzburg,Austria
London,UK
Boras,Sweden
Madrid,Spain
Barcelona,Spain
Lyon,France
Bruxelles,Belgium
Manchester,UK
Kobenhavn,Denmark
Madrid,Spain
Oulu,Finland
Madrid,Spain
Toulouse,France
Stavern,Norway
Paris,France
Madrid,Spain
Singapore,Singapore
Graz,Austria
London,UK
Lyon,France
Singapore,Singapore
Boras,Sweden
Versailles,France
Paris,France
Madrid,Spain
Madrid,Spain
Madrid,Spain
Bergamo,Italy
Madrid,Spain
Bergen,Norway
Nantes,France
Dublin,Ireland
Bergamo,Italy
Barcelona,Spain
Nantes,France
Reims,France
Reggio Emilia,Italy
Bergamo,Italy
Helsinki,Finland
Madrid,Spain
Nantes,France
Oslo,Norway
Munich,Germany
Bergamo,Italy
Salzburg,Austria
Nantes,France
Madrid,Spain
Reims,France
Reggio Emilia,Italy
Kobenhavn,Denmark
Barcelona,Spain
London,UK
Madrid,Spain
Boras,Sweden
Madrid,Spain
Barcelona,Spain
Lyon,France
Bruxelles,Belgium
Manchester,UK
Nantes,France
Kobenhavn,Denmark
Madrid,Spain
Oulu,Finland
Madrid,Spain
Toulouse,France
Kobenhavn,Denmark
Singapore,Singapore
London,UK
Madrid,Spain
Boras,Sweden
Madrid,Spain
Barcelona,Spain
Lyon,France
Bruxelles,Belgium
Manchester,UK
Nantes,France
Kobenhavn,Denmark
Madrid,Spain
Oulu,Finland
Madrid,Spain
Toulouse,France
Bergamo,Italy
Salzburg,Austria
Helsinki,Finland
Toulouse,France
Makati City,Philippines
Madrid,Spain
Nantes,France
Oslo,Norway
Munich,Germany
Bergamo,Italy
Oulu,Finland
Madrid,Spain
Reims,France
Reggio Emilia,Italy
Bergamo,Italy
Salzburg,Austria
Helsinki,Finland
Boras,Sweden
Toulouse,France
London,UK
Barcelona,Spain
Madrid,Spain
Munich,Germany
Oulu,Finland
Madrid,Spain
Reims,France
Kobenhavn,Denmark
Singapore,Singapore
London,UK
Madrid,Spain
Boras,Sweden
Madrid,Spain
Barcelona,Spain
Lyon,France
Bruxelles,Belgium
Torino,Italy
Manchester,UK
Nantes,France
Kobenhavn,Denmark
Madrid,Spain
Oulu,Finland
Madrid,Spain
Toulouse,France
